integral_result,coefficients,reverse_value,t_epsilon
-0.01051525349363648,"0.942153349964895;0.11170386252288617;-0.041359331152579115;-0.01051525349363648;0.0021126884427302376;0.0017968463949718783",-0.03888355751230488,15.099999999999962
